{
    "config": {
        "dataset_path": "power_transofrmer_dataset.csv",
        "experiment_type": "original",
        "state_classifier": null,
        "state_classifier_params": {
            "SVM": {
                "probability": true
            },
            "RF": {},
            "ANN": {
                "loss": "categorical_crossentropy",
                "lr": 0.001,
                "epochs": 1000
            }
        },
        "aux_feature_type": "softcore",
        "repetitions": 5,
        "test_size": 0.2,
        "regressors_training_params": {
            "lr": 0.001,
            "epochs": 1000,
            "val_split": 0.2
        }
    },
    "repetitions": [
        {
            "seed": 255,
            "regressor_evaluation": {
                "mse_losses": {
                    "train": 0.03627344128249455,
                    "test": 0.052352053438493515
                },
                "mae_losses": {
                    "train": 0.133543611319874,
                    "test": 0.1607985051017286
                },
                "mse_health_index": {
                    "train": 0.021069176017931946,
                    "test": 0.03182232273743598
                },
                "mse_life_expectation": {
                    "train": 0.05147770654705714,
                    "test": 0.072881784139551
                },
                "mae_health_index": {
                    "train": 0.10533402138979935,
                    "test": 0.1260178030330813
                },
                "mae_life_expectation": {
                    "train": 0.16175320124994874,
                    "test": 0.195579207170376
                }
            }
        },
        {
            "seed": 283,
            "regressor_evaluation": {
                "mse_losses": {
                    "train": 0.03575942695338906,
                    "test": 0.03830648791775966
                },
                "mae_losses": {
                    "train": 0.13265028378190452,
                    "test": 0.1411654335662613
                },
                "mse_health_index": {
                    "train": 0.01788557117579705,
                    "test": 0.021539702606721615
                },
                "mse_life_expectation": {
                    "train": 0.05363328273098106,
                    "test": 0.055073273228797695
                },
                "mae_health_index": {
                    "train": 0.0991700052549888,
                    "test": 0.1153409857827291
                },
                "mae_life_expectation": {
                    "train": 0.1661305623088205,
                    "test": 0.16698988134979356
                }
            }
        },
        {
            "seed": 336,
            "regressor_evaluation": {
                "mse_losses": {
                    "train": 0.044562163666753314,
                    "test": 0.048603754727810713
                },
                "mae_losses": {
                    "train": 0.15532411526455484,
                    "test": 0.16404041722975274
                },
                "mse_health_index": {
                    "train": 0.020859028788218627,
                    "test": 0.02151369780249885
                },
                "mse_life_expectation": {
                    "train": 0.06826529854528794,
                    "test": 0.07569381165312257
                },
                "mae_health_index": {
                    "train": 0.10548325192205786,
                    "test": 0.11099606907420649
                },
                "mae_life_expectation": {
                    "train": 0.20516497860705205,
                    "test": 0.21708476538529914
                }
            }
        },
        {
            "seed": 569,
            "regressor_evaluation": {
                "mse_losses": {
                    "train": 0.041559277045817584,
                    "test": 0.0546471909521532
                },
                "mae_losses": {
                    "train": 0.15038247569641794,
                    "test": 0.17168412968408456
                },
                "mse_health_index": {
                    "train": 0.016913075692904078,
                    "test": 0.027478614913226423
                },
                "mse_life_expectation": {
                    "train": 0.0662054783987311,
                    "test": 0.08181576699107997
                },
                "mae_health_index": {
                    "train": 0.10008907942327522,
                    "test": 0.12210181657581572
                },
                "mae_life_expectation": {
                    "train": 0.20067587196956105,
                    "test": 0.22126644279235358
                }
            }
        },
        {
            "seed": 122,
            "regressor_evaluation": {
                "mse_losses": {
                    "train": 0.031679510633120855,
                    "test": 0.043366814376453997
                },
                "mae_losses": {
                    "train": 0.12217749085165025,
                    "test": 0.14579670293517813
                },
                "mse_health_index": {
                    "train": 0.01654046441546456,
                    "test": 0.022647391424743226
                },
                "mse_life_expectation": {
                    "train": 0.04681855685077715,
                    "test": 0.06408623732816478
                },
                "mae_health_index": {
                    "train": 0.09516888690360881,
                    "test": 0.11193247343599023
                },
                "mae_life_expectation": {
                    "train": 0.1491860947996918,
                    "test": 0.1796609324343661
                }
            }
        }
    ]
}