{
    "config": {
        "dataset_path": "power_transofrmer_dataset.csv",
        "experiment_type": "original",
        "state_classifier": null,
        "state_classifier_params": {
            "SVM": {
                "probability": true
            },
            "RF": {},
            "ANN": {
                "loss": "categorical_crossentropy",
                "lr": 0.001,
                "epochs": 1000
            }
        },
        "aux_feature_type": "softcore",
        "repetitions": 5,
        "test_size": 0.2,
        "regressors_training_params": {
            "lr": 0.001,
            "epochs": 1000,
            "val_split": 0.2
        }
    },
    "repetitions": [
        {
            "seed": 581,
            "regressor_evaluation": {
                "mse_losses": {
                    "train": 0.03036601665660061,
                    "test": 0.043300574812854674
                },
                "mae_losses": {
                    "train": 0.03036601665660061,
                    "test": 0.043300574812854674
                },
                "mse_health_index": {
                    "train": 0.021309490595976036,
                    "test": 0.026965972727245522
                },
                "mse_life_expectation": {
                    "train": 0.039422542717225215,
                    "test": 0.05963517689846381
                },
                "mae_health_index": {
                    "train": 0.10640447120926856,
                    "test": 0.11503357094823258
                },
                "mae_life_expectation": {
                    "train": 0.13415066299261527,
                    "test": 0.15462972337720307
                }
            }
        },
        {
            "seed": 249,
            "regressor_evaluation": {
                "mse_losses": {
                    "train": 0.032788423515329845,
                    "test": 0.04669962629555709
                },
                "mae_losses": {
                    "train": 0.032788423515329845,
                    "test": 0.04669962629555709
                },
                "mse_health_index": {
                    "train": 0.017566304999142038,
                    "test": 0.013214668993933401
                },
                "mse_life_expectation": {
                    "train": 0.048010542031517625,
                    "test": 0.08018458359718078
                },
                "mae_health_index": {
                    "train": 0.09813431298121995,
                    "test": 0.08394544830622519
                },
                "mae_life_expectation": {
                    "train": 0.15385225464821548,
                    "test": 0.1899945962222086
                }
            }
        },
        {
            "seed": 345,
            "regressor_evaluation": {
                "mse_losses": {
                    "train": 0.029994704576019302,
                    "test": 0.04219037138055481
                },
                "mae_losses": {
                    "train": 0.029994704576019302,
                    "test": 0.04219037138055481
                },
                "mse_health_index": {
                    "train": 0.016248007817108404,
                    "test": 0.019384786964228157
                },
                "mse_life_expectation": {
                    "train": 0.04374140133493018,
                    "test": 0.06499595579688144
                },
                "mae_health_index": {
                    "train": 0.09600659251849987,
                    "test": 0.10037111505760553
                },
                "mae_life_expectation": {
                    "train": 0.1400256571822713,
                    "test": 0.1638721572390272
                }
            }
        },
        {
            "seed": 996,
            "regressor_evaluation": {
                "mse_losses": {
                    "train": 0.026069722704383944,
                    "test": 0.05338972553567879
                },
                "mae_losses": {
                    "train": 0.026069722704383944,
                    "test": 0.05338972553567879
                },
                "mse_health_index": {
                    "train": 0.01723872528779993,
                    "test": 0.019022680212790962
                },
                "mse_life_expectation": {
                    "train": 0.03490072012096794,
                    "test": 0.08775677085856663
                },
                "mae_health_index": {
                    "train": 0.0987653384069722,
                    "test": 0.10548018031050178
                },
                "mae_life_expectation": {
                    "train": 0.12416857014491191,
                    "test": 0.1856022838672374
                }
            }
        },
        {
            "seed": 424,
            "regressor_evaluation": {
                "mse_losses": {
                    "train": 0.029296360516395063,
                    "test": 0.03920929718989522
                },
                "mae_losses": {
                    "train": 0.029296360516395063,
                    "test": 0.03920929718989522
                },
                "mse_health_index": {
                    "train": 0.016601175416471367,
                    "test": 0.020601594495869666
                },
                "mse_life_expectation": {
                    "train": 0.04199154561631875,
                    "test": 0.05781699988392078
                },
                "mae_health_index": {
                    "train": 0.09244219620942454,
                    "test": 0.10289953610402071
                },
                "mae_life_expectation": {
                    "train": 0.13722165349331175,
                    "test": 0.15624441190164978
                }
            }
        }
    ]
}