{
    "config": {
        "dataset_path": "power_transofrmer_dataset.csv",
        "experiment_type": "with_additional_features",
        "state_classifier": "RF",
        "state_classifier_params": {
            "SVM": {
                "probability": true
            },
            "RF": {
                "n_estimators": 50
            },
            "ANN": {
                "loss": "categorical_crossentropy",
                "lr": 0.001,
                "epochs": 1000
            }
        },
        "aux_feature_type": "softcore",
        "repetitions": 5,
        "test_size": 0.2,
        "regressors_training_params": {
            "lr": 0.001,
            "epochs": 1000,
            "val_split": 0.2
        }
    },
    "repetitions": [
        {
            "seed": 145,
            "state_classifier_evaluation": {
                "training_accuracy": 1.0,
                "test_accuracy": 0.7819148936170213
            },
            "regressor_evaluation": {
                "mse_losses": {
                    "train": 0.029756771837129707,
                    "test": 0.04417488673846162
                },
                "mae_losses": {
                    "train": 0.11195431865005152,
                    "test": 0.14046797764847943
                },
                "mse_health_index": {
                    "train": 0.015921956082640104,
                    "test": 0.0224236406012893
                },
                "mse_life_expectation": {
                    "train": 0.04359158759161931,
                    "test": 0.06592613287563395
                },
                "mae_health_index": {
                    "train": 0.08828734586062267,
                    "test": 0.10058142727198796
                },
                "mae_life_expectation": {
                    "train": 0.13562129143948048,
                    "test": 0.18035452802497098
                }
            }
        },
        {
            "seed": 519,
            "state_classifier_evaluation": {
                "training_accuracy": 1.0,
                "test_accuracy": 0.8457446808510638
            },
            "regressor_evaluation": {
                "mse_losses": {
                    "train": 0.028162859697975495,
                    "test": 0.050984637910798186
                },
                "mae_losses": {
                    "train": 0.11899103416980351,
                    "test": 0.16290697792590414
                },
                "mse_health_index": {
                    "train": 0.013758213158638701,
                    "test": 0.02698027459457602
                },
                "mse_life_expectation": {
                    "train": 0.04256750623731228,
                    "test": 0.07498900122702037
                },
                "mae_health_index": {
                    "train": 0.08250344396783507,
                    "test": 0.1209138577853573
                },
                "mae_life_expectation": {
                    "train": 0.15547862437177212,
                    "test": 0.20490009806645115
                }
            }
        },
        {
            "seed": 944,
            "state_classifier_evaluation": {
                "training_accuracy": 1.0,
                "test_accuracy": 0.8351063829787234
            },
            "regressor_evaluation": {
                "mse_losses": {
                    "train": 0.02678416715836685,
                    "test": 0.056447910706448515
                },
                "mae_losses": {
                    "train": 0.10914141355351975,
                    "test": 0.15590066173996012
                },
                "mse_health_index": {
                    "train": 0.012095917920089327,
                    "test": 0.02400361400290078
                },
                "mse_life_expectation": {
                    "train": 0.04147241639664436,
                    "test": 0.0888922074099963
                },
                "mae_health_index": {
                    "train": 0.08235946303665528,
                    "test": 0.11566790228091609
                },
                "mae_life_expectation": {
                    "train": 0.13592336407038433,
                    "test": 0.19613342119900434
                }
            }
        },
        {
            "seed": 27,
            "state_classifier_evaluation": {
                "training_accuracy": 1.0,
                "test_accuracy": 0.8670212765957447
            },
            "regressor_evaluation": {
                "mse_losses": {
                    "train": 0.027902289453368506,
                    "test": 0.04047426504656174
                },
                "mae_losses": {
                    "train": 0.1159503227819991,
                    "test": 0.13225552085500267
                },
                "mse_health_index": {
                    "train": 0.014859691587702771,
                    "test": 0.01967466222069305
                },
                "mse_life_expectation": {
                    "train": 0.040944887319034236,
                    "test": 0.061273867872430436
                },
                "mae_health_index": {
                    "train": 0.09388191401031548,
                    "test": 0.10939213809241279
                },
                "mae_life_expectation": {
                    "train": 0.13801873155368288,
                    "test": 0.15511890361759256
                }
            }
        },
        {
            "seed": 411,
            "state_classifier_evaluation": {
                "training_accuracy": 1.0,
                "test_accuracy": 0.8563829787234043
            },
            "regressor_evaluation": {
                "mse_losses": {
                    "train": 0.030323022376027832,
                    "test": 0.04856654608237061
                },
                "mae_losses": {
                    "train": 0.12109194589083065,
                    "test": 0.15170801314448026
                },
                "mse_health_index": {
                    "train": 0.01571808428093294,
                    "test": 0.024390753239495442
                },
                "mse_life_expectation": {
                    "train": 0.044927960471122706,
                    "test": 0.07274233892524574
                },
                "mae_health_index": {
                    "train": 0.09409439101245788,
                    "test": 0.11291666533568577
                },
                "mae_life_expectation": {
                    "train": 0.14808950076920369,
                    "test": 0.1904993609532749
                }
            }
        }
    ]
}