{
    "config": {
        "dataset_path": "power_transofrmer_dataset.csv",
        "experiment_type": "with_additional_features",
        "state_classifier": "SVM",
        "state_classifier_params": {
            "SVM": {
                "probability": true,
                "kernel": "sigmoid"
            },
            "RF": {},
            "ANN": {
                "loss": "categorical_crossentropy",
                "lr": 0.001,
                "epochs": 1000
            }
        },
        "aux_feature_type": "softcore",
        "repetitions": 5,
        "test_size": 0.2,
        "regressors_training_params": {
            "lr": 0.001,
            "epochs": 1000,
            "val_split": 0.2
        }
    },
    "repetitions": [
        {
            "seed": 400,
            "state_classifier_evaluation": {
                "training_accuracy": 0.4574468085106383,
                "test_accuracy": 0.4148936170212766
            },
            "regressor_evaluation": {
                "mse_losses": {
                    "train": 0.03251866825626738,
                    "test": 0.05991240894415877
                },
                "mae_losses": {
                    "train": 0.1313848500488406,
                    "test": 0.15959273806708346
                },
                "mse_health_index": {
                    "train": 0.01908811659412559,
                    "test": 0.02460292370655036
                },
                "mse_life_expectation": {
                    "train": 0.045949219918409195,
                    "test": 0.0952218941817672
                },
                "mae_health_index": {
                    "train": 0.11169760574559767,
                    "test": 0.12185181961285112
                },
                "mae_life_expectation": {
                    "train": 0.15107209435208363,
                    "test": 0.19733365652131588
                }
            }
        },
        {
            "seed": 338,
            "state_classifier_evaluation": {
                "training_accuracy": 0.35106382978723405,
                "test_accuracy": 0.42021276595744683
            },
            "regressor_evaluation": {
                "mse_losses": {
                    "train": 0.03016740465702232,
                    "test": 0.04826712999794339
                },
                "mae_losses": {
                    "train": 0.12425799227757944,
                    "test": 0.15078895077858637
                },
                "mse_health_index": {
                    "train": 0.01744217560983001,
                    "test": 0.02473477187891838
                },
                "mse_life_expectation": {
                    "train": 0.04289263370421464,
                    "test": 0.0717994881169684
                },
                "mae_health_index": {
                    "train": 0.09893068995376601,
                    "test": 0.1162766025242063
                },
                "mae_life_expectation": {
                    "train": 0.149585294601393,
                    "test": 0.18530129903296655
                }
            }
        },
        {
            "seed": 743,
            "state_classifier_evaluation": {
                "training_accuracy": 0.40425531914893614,
                "test_accuracy": 0.4148936170212766
            },
            "regressor_evaluation": {
                "mse_losses": {
                    "train": 0.03366976818854876,
                    "test": 0.04192272941568534
                },
                "mae_losses": {
                    "train": 0.13009354415641614,
                    "test": 0.14761772699797568
                },
                "mse_health_index": {
                    "train": 0.01512440413140997,
                    "test": 0.022609056659324042
                },
                "mse_life_expectation": {
                    "train": 0.05221513224568755,
                    "test": 0.06123640217204664
                },
                "mae_health_index": {
                    "train": 0.09255562773787279,
                    "test": 0.11418963198161053
                },
                "mae_life_expectation": {
                    "train": 0.16763146057495976,
                    "test": 0.18104582201434088
                }
            }
        },
        {
            "seed": 666,
            "state_classifier_evaluation": {
                "training_accuracy": 0.3617021276595745,
                "test_accuracy": 0.4308510638297872
            },
            "regressor_evaluation": {
                "mse_losses": {
                    "train": 0.04124698609431854,
                    "test": 0.051223153137974015
                },
                "mae_losses": {
                    "train": 0.15168174977357418,
                    "test": 0.16075488436757443
                },
                "mse_health_index": {
                    "train": 0.02264709194519704,
                    "test": 0.03140184554529241
                },
                "mse_life_expectation": {
                    "train": 0.059846880243440044,
                    "test": 0.07104446073065564
                },
                "mae_health_index": {
                    "train": 0.10831387240145349,
                    "test": 0.11741373250493287
                },
                "mae_life_expectation": {
                    "train": 0.19504962714569507,
                    "test": 0.20409603623021616
                }
            }
        },
        {
            "seed": 283,
            "state_classifier_evaluation": {
                "training_accuracy": 0.4219858156028369,
                "test_accuracy": 0.39361702127659576
            },
            "regressor_evaluation": {
                "mse_losses": {
                    "train": 0.03239516195405014,
                    "test": 0.03459348499451009
                },
                "mae_losses": {
                    "train": 0.12188354215352376,
                    "test": 0.13196856706252869
                },
                "mse_health_index": {
                    "train": 0.01743571395550077,
                    "test": 0.01938637454081652
                },
                "mse_life_expectation": {
                    "train": 0.047354609952599526,
                    "test": 0.04980059544820364
                },
                "mae_health_index": {
                    "train": 0.09824894088721449,
                    "test": 0.1099114347111322
                },
                "mae_life_expectation": {
                    "train": 0.14551814341983318,
                    "test": 0.15402569941392535
                }
            }
        }
    ]
}